INSERT INTO job_position (job_title, job_level, leave_count, description) VALUES
('ceo', 1, 30, '최고 경영자'),
('이사', 2, 25, '이사'),
('팀장', 3, 20, '팀 운영 및 관리'),
('본부장', 3, 18, '본부 운영 및 관리'),
('지점장', 4, 15, '지점 운영 및 관리'),
('사원', 5, 15, '일반 직원'),
('점원', 5, 15, '지점 점원');

INSERT INTO department (dept_name, location) VALUES
('경영팀', '서울 본사 4층'),
('인사팀', '서울 본사 3층'),
('품질관리팀', '서울 본사 3층'),
('재무관리팀', '서울 본사 3층'),
('판매본부', '서울 본사 1층,2층'),
('강남지점', '강남역'),
('역삼지점', '역삼역'),
('논현지점', '논현역');

INSERT INTO employee_info (emp_id, emp_in, emp_pwd, emp_name, job_no, dept_no, hire_date, quit_date, salary, addr, phone, email) VALUES
('user01', '900101-1234567', 'pwdhash1', '김철수', 1, 1, '2015-03-01', NULL, 5000000, '서울시 강남구', '010-1111-1111', 'kimcs@example.com'),
('user02', '910202-2345678', 'pwdhash2', '이영희', 2, 2, '2016-05-15', NULL, 4500000, '서울시 서초구', '010-2222-2222', 'leeyh@example.com'),
('user03', '920303-3456789', 'pwdhash3', '박민수', 3, 3, '2017-07-10', NULL, 4000000, '서울시 송파구', '010-3333-3333', 'parkms@example.com'),
('user04', '930404-4567890', 'pwdhash4', '최수지', 4, 4, '2018-09-20', NULL, 3500000, '서울시 동작구', '010-4444-4444', 'choisj@example.com'),
('user05', '940505-1678901', 'pwdhash5', '정우진', 5, 5, '2019-11-01', NULL, 3000000, '서울시 마포구', '010-5555-5555', 'jungwj@example.com'),
('user06', '950606-2789012', 'pwdhash6', '김서연', 1, 2, '2020-01-10', NULL, 4800000, '서울시 강동구', '010-6666-6666', 'kimsy@example.com'),
('user07', '960707-3890123', 'pwdhash7', '한지훈', 2, 3, '2020-03-15', NULL, 4600000, '서울시 은평구', '010-7777-7777', 'hanjh@example.com'),
('user08', '970808-4901234', 'pwdhash8', '서지은', 3, 4, '2020-06-01', NULL, 4200000, '서울시 노원구', '010-8888-8888', 'seoje@example.com'),
('user09', '980909-1012345', 'pwdhash9', '오세훈', 4, 5, '2020-08-20', NULL, 3600000, '서울시 도봉구', '010-9999-9999', 'ohsh@example.com'),
('user10', '990101-1123456', 'pwdhash10', '장미나', 5, 1, '2021-01-05', NULL, 3100000, '서울시 성북구', '010-1010-1010', 'jangmn@example.com'),
('user11', '900202-2233445', 'pwdhash11', '윤대현', 1, 3, '2021-02-10', NULL, 5000000, '서울시 강서구', '010-1111-2222', 'yoondh@example.com'),
('user12', '910303-3344556', 'pwdhash12', '배수지', 2, 4, '2021-03-20', NULL, 4500000, '서울시 구로구', '010-2222-3333', 'baesj@example.com'),
('user13', '920404-1455667', 'pwdhash13', '조인성', 3, 5, '2021-04-30', NULL, 4000000, '서울시 금천구', '010-3333-4444', 'choisg@example.com'),
('user14', '930505-2566778', 'pwdhash14', '신세경', 4, 1, '2021-06-01', NULL, 3500000, '서울시 종로구', '010-4444-5555', 'shinsk@example.com'),
('user15', '940606-1677889', 'pwdhash15', '정해인', 5, 2, '2021-07-15', NULL, 3000000, '서울시 중구', '010-5555-6666', 'junghi@example.com'),
('user16', '950707-1788990', 'pwdhash16', '김태희', 1, 5, '2021-08-20', NULL, 4800000, '서울시 용산구', '010-6666-7777', 'kimth@example.com'),
('user17', '960808-2899001', 'pwdhash17', '박보검', 2, 1, '2021-09-25', NULL, 4600000, '서울시 동대문구', '010-7777-8888', 'parkbg@example.com'),
('user18', '970909-3900112', 'pwdhash18', '한효주', 3, 2, '2021-11-01', NULL, 4200000, '서울시 성동구', '010-8888-9999', 'hanhj@example.com'),
('user19', '981010-1001223', 'pwdhash19', '이승기', 4, 3, '2022-01-10', NULL, 3600000, '서울시 서대문구', '010-9999-0000', 'leesg@example.com'),
('user20', '990111-1112334', 'pwdhash20', '수지',  5, 4, '2022-03-01', NULL, 3100000, '서울시 강북구', '010-0000-1111', 'suzy@example.com');

INSERT INTO attendance_log (emp_no, work_date, check_in, check_out, status) VALUES
(1, '2025-07-01', '08:50:00', '18:10:00', '출근'),
(2, '2025-07-01', '09:15:00', '17:50:00', '지각'),
(3, '2025-07-02', '08:55:00', '16:30:00', '조퇴'),
(4, '2025-07-03', NULL, NULL, '휴가'),
(5, '2025-07-04', '09:00:00', '18:00:00', '출근');

INSERT INTO leave_request (emp_no, leave_type, start_date, end_date, reason, status) VALUES
(1, '연차', '2025-08-01', '2025-08-03', '개인 사유', '승인'),
(2, '병가', '2025-07-10', '2025-07-12', '건강 문제', '대기'),
(3, '경조사', '2025-07-15', '2025-07-16', '가족 행사', '승인'),
(4, '연차', '2025-09-01', '2025-09-02', '휴식', '반려'),
(5, '기타', '2025-07-20', '2025-07-21', '기타 사유', '대기');

INSERT INTO leave_remain (lr_count, leave_year, emp_no) VALUES
(30, 2025, 1), -- 대표이사: 30일
(25, 2025, 2), -- 본부장: 25일
(20, 2025, 3), -- 팀장: 20일
(18, 2025, 4), -- 대리: 18일
(15, 2025, 5), -- 사원: 15일
-- 나머지 45명 (간략히 5명만 예시, 동일 패턴으로 생성)
(15, 2025, 6),
(18, 2025, 7),
(20, 2025, 8),
(25, 2025, 9),
(30, 2025, 10);
-- ... (총 50명까지 확장)

INSERT INTO performance_review (emp_no, evaluator_emp_no, review_date, attitude_score, achieve_score, comments) VALUES
(2, 1, '2025-06-01', 4, 5, '성실하고 성과 우수'),
(3, 2, '2025-06-02', 3, 4, '근무 태도 개선 필요'),
(4, 3, '2025-06-03', 5, 5, '탁월한 성과'),
(5, 4, '2025-06-04', 4, 3, '성과 향상 필요'),
(6, 5, '2025-06-05', 3, 3, '보통 수준'),
(7, 1, '2025-06-06', 5, 4, '우수한 태도'),
(8, 2, '2025-06-07', 4, 4, '안정적인 성과'),
(9, 3, '2025-06-08', 3, 5, '성과는 좋으나 태도 주의'),
(10, 4, '2025-06-09', 5, 5, '모범 직원'),
(1, 2, '2025-06-10', 4, 4, '리더십 우수');

INSERT INTO salary_history (emp_no, change_date, old_salary, new_salary, reason) VALUES
(1, '2025-01-01', 95000000, 100000000, '직급 승진'),
(2, '2025-02-01', 75000000, 80000000, '성과 우수'),
(3, '2025-03-01', 58000000, 60000000, '정기 연봉 조정'),
(4, '2025-04-01', 43000000, 45000000, '정기 연봉 조정'),
(5, '2025-05-01', 33000000, 35000000, '정기 연봉 조정');

INSERT INTO bonus (bonus_no, bonus_name, bonus_desc) VALUES
(1, '성과급', '성과에 따른 추가 지급'),
(2, '명절 상여금', '설/추석 명절 지급'),
(3, '초과 근무 수당', '야근 및 초과 근무 보상');

INSERT INTO bonus_payment (payment, pay_date, bonus_no, emp_no) VALUES
(5000000, '2025-01-15', 1, 1),
(3000000, '2025-01-15', 1, 2),
(2000000, '2025-01-15', 1, 3),
(1000000, '2025-02-01', 2, 4),
(1000000, '2025-02-01', 2, 5),
(1500000, '2025-03-01', 3, 6),
(2000000, '2025-03-01', 3, 7),
(3000000, '2025-04-01', 1, 8),
(1000000, '2025-04-01', 2, 9),
(1500000, '2025-05-01', 3, 10),
(2000000, '2025-06-01', 1, 11),
(1000000, '2025-06-01', 2, 12),
(1500000, '2025-07-01', 3, 20);

-- 먼저 employee_info에 퇴사일 추가
UPDATE employee_info SET quit_date = '2025-06-30' WHERE emp_no IN (6, 7, 8, 9, 10);

INSERT INTO quitter (quit_no, quit_pay, quit_pay_date, emp_no) VALUES
(1, 15000000, '2025-07-01', 6),
(2, 12000000, '2025-07-02', 7),
(3, 13000000, '2025-07-03', 8),
(4, 14000000, '2025-07-04', 9),
(5, 16000000, '2025-07-05', 10);