
-- job_position
INSERT INTO job_position (job_title, job_level, leave_count, description) VALUES
('대표이사', 1, 25, '회사 최고 책임자'),
('본부장', 2, 23, '본부 책임자'),
('팀장', 3, 20, '팀 관리 책임자'),
('대리', 4, 18, '업무 지원 및 중간관리자'),
('사원', 5, 15, '일반 사원');

-- department
INSERT INTO department (dept_name, location) VALUES
('인사팀', '서울 본사'),
('마케팅팀', '서울 지사'),
('재무관리팀', '부산 지사'),
('품질관리팀', '대전 지사'),
('판매팀', '광주 지사');

-- employ_info
INSERT INTO employee_info (emp_id, emp_in, emp_pwd, emp_name, job_no, dept_no, hire_date, salary, addr, phone, email) VALUES
('emp01', '821007-2804729', 'pwd01', '김지원', 1, 1, '2019-04-16', 60031264, '부산시 해운대구', '010-8814-2068', 'emp01@test.com'),
('emp02', '871127-1375867', 'pwd02', '임서준', 2, 2, '2016-09-26', 47984681, '서울시 서초구', '010-4764-4591', 'emp02@test.com'),
('emp03', '930624-2473728', 'pwd03', '김지원', 3, 3, '2020-04-21', 40226601, '대구시 수성구', '010-8397-3675', 'emp03@test.com'),
('emp04', '930119-1588739', 'pwd04', '조지민', 4, 4, '2019-07-02', 27384296, '광주시 북구', '010-3357-6290', 'emp04@test.com'),
('emp05', '850104-1638278', 'pwd05', '이도현', 5, 5, '2016-06-04', 18568370, '대구시 수성구', '010-2228-8030', 'emp05@test.com'),
('emp06', '921001-1303041', 'pwd06', '장시우', 1, 1, '2022-05-14', 58128569, '대구시 수성구', '010-5857-8358', 'emp06@test.com'),
('emp07', '900411-2440390', 'pwd07', '강시우', 2, 2, '2017-10-08', 51520896, '서울시 강남구', '010-3129-4794', 'emp07@test.com'),
('emp08', '900724-1915992', 'pwd08', '임지원', 3, 3, '2015-12-21', 39555957, '부산시 해운대구', '010-5907-9168', 'emp08@test.com'),
('emp09', '801208-2745698', 'pwd09', '박수빈', 4, 4, '2016-01-17', 32791318, '인천시 연수구', '010-4108-8426', 'emp09@test.com'),
('emp10', '910305-2459481', 'pwd10', '강수빈', 5, 5, '2019-03-02', 19170052, '광주시 북구', '010-8996-9847', 'emp10@test.com'),
('emp11', '891219-2604491', 'pwd11', '최도현', 1, 1, '2022-06-01', 60822519, '광주시 북구', '010-2063-4089', 'emp11@test.com'),
('emp12', '910820-1078874', 'pwd12', '박지민', 2, 2, '2016-08-06', 48022894, '광주시 북구', '010-4528-2196', 'emp12@test.com'),
('emp13', '850707-1118354', 'pwd13', '강시우', 3, 3, '2018-10-29', 40084016, '광주시 북구', '010-9196-7976', 'emp13@test.com'),
('emp14', '871216-2788225', 'pwd14', '윤주원', 4, 4, '2023-10-04', 31772823, '서울시 강남구', '010-7728-9064', 'emp14@test.com'),
('emp15', '800419-2227223', 'pwd15', '정주원', 5, 5, '2022-07-25', 17281947, '서울시 강남구', '010-6778-1594', 'emp15@test.com'),
('emp16', '870518-2152726', 'pwd16', '임지원', 1, 1, '2021-09-28', 60166060, '부산시 해운대구', '010-9286-5815', 'emp16@test.com'),
('emp17', '871109-2567466', 'pwd17', '최지훈', 2, 2, '2017-04-26', 47328068, '광주시 북구', '010-2080-4862', 'emp17@test.com'),
('emp18', '821008-1272000', 'pwd18', '임민수', 3, 3, '2017-08-15', 39757857, '대구시 수성구', '010-9143-2349', 'emp18@test.com'),
('emp19', '871222-2472286', 'pwd19', '김지원', 4, 4, '2015-11-18', 30200262, '부산시 해운대구', '010-5362-4911', 'emp19@test.com'),
('emp20', '850219-1488282', 'pwd20', '조주원', 5, 5, '2020-12-29', 20857380, '광주시 북구', '010-6708-9259', 'emp20@test.com'),
('emp21', '891118-1867467', 'pwd21', '장서준', 1, 1, '2018-12-20', 57746436, '서울시 강남구', '010-8581-1654', 'emp21@test.com'),
('emp22', '850409-2969267', 'pwd22', '임서연', 2, 2, '2016-05-03', 49752912, '대구시 수성구', '010-6523-9888', 'emp22@test.com'),
('emp23', '901111-2736941', 'pwd23', '정민수', 3, 3, '2016-06-22', 37518148, '인천시 연수구', '010-9503-6972', 'emp23@test.com'),
('emp24', '780104-2333571', 'pwd24', '박민수', 4, 4, '2020-07-23', 31653623, '인천시 연수구', '010-7066-7040', 'emp24@test.com'),
('emp25', '871027-2133498', 'pwd25', '장유진', 5, 5, '2016-07-30', 18378574, '대구시 수성구', '010-6038-1645', 'emp25@test.com'),
('emp26', '850105-2400910', 'pwd26', '김수빈', 1, 1, '2020-04-05', 62005882, '대구시 수성구', '010-5658-9984', 'emp26@test.com'),
('emp27', '800611-1812930', 'pwd27', '이예은', 2, 2, '2019-12-30', 49819470, '대구시 수성구', '010-5152-2155', 'emp27@test.com'),
('emp28', '890828-2476734', 'pwd28', '이지원', 3, 3, '2023-06-17', 41361639, '서울시 강남구', '010-9505-3834', 'emp28@test.com'),
('emp29', '820327-1524291', 'pwd29', '조수빈', 4, 4, '2021-07-23', 31337816, '서울시 서초구', '010-9238-6319', 'emp29@test.com'),
('emp30', '911212-1615423', 'pwd30', '조시우', 5, 5, '2018-04-28', 22031172, '부산시 해운대구', '010-4478-7653', 'emp30@test.com'),
('emp31', '920810-2604353', 'pwd31', '정시우', 1, 1, '2021-10-04', 57097799, '서울시 강남구', '010-4832-4369', 'emp31@test.com'),
('emp32', '821106-1467599', 'pwd32', '김예은', 2, 2, '2020-09-29', 49993230, '서울시 서초구', '010-2501-2382', 'emp32@test.com'),
('emp33', '920116-2046437', 'pwd33', '강서연', 3, 3, '2022-11-14', 37484895, '대구시 수성구', '010-3363-5625', 'emp33@test.com'),
('emp34', '821104-2807418', 'pwd34', '최지훈', 4, 4, '2021-06-04', 31449803, '서울시 서초구', '010-3457-2476', 'emp34@test.com'),
('emp35', '900724-2478746', 'pwd35', '김예은', 5, 5, '2018-11-29', 21297333, '서울시 서초구', '010-4133-8408', 'emp35@test.com'),
('emp36', '890705-2067947', 'pwd36', '김유진', 1, 1, '2022-01-16', 61709007, '서울시 강남구', '010-9259-9873', 'emp36@test.com'),
('emp37', '870127-1378786', 'pwd37', '장수빈', 2, 2, '2021-10-03', 50417740, '광주시 북구', '010-6313-3450', 'emp37@test.com'),
('emp38', '910802-2042283', 'pwd38', '최예은', 3, 3, '2019-02-20', 42464443, '부산시 해운대구', '010-6024-2107', 'emp38@test.com'),
('emp39', '870718-1473529', 'pwd39', '정서준', 4, 4, '2015-02-09', 31405634, '부산시 해운대구', '010-9354-7733', 'emp39@test.com'),
('emp40', '900709-2041897', 'pwd40', '강지원', 5, 5, '2019-05-12', 22014637, '서울시 서초구', '010-9956-3965', 'emp40@test.com'),
('emp41', '931111-1950198', 'pwd41', '정가은', 1, 1, '2022-12-17', 58767190, '인천시 연수구', '010-6840-2211', 'emp41@test.com'),
('emp42', '920923-2548723', 'pwd42', '이민수', 2, 2, '2021-08-01', 47125915, '서울시 강남구', '010-9061-6447', 'emp42@test.com'),
('emp43', '851011-1848635', 'pwd43', '정민수', 3, 3, '2021-03-08', 40372937, '서울시 강남구', '010-4572-4505', 'emp43@test.com'),
('emp44', '780720-2911886', 'pwd44', '김지민', 4, 4, '2017-01-06', 27397542, '서울시 서초구', '010-4776-8822', 'emp44@test.com'),
('emp45', '780502-1649591', 'pwd45', '윤현우', 5, 5, '2021-07-22', 19430380, '대구시 수성구', '010-5606-8319', 'emp45@test.com'),
('emp46', '870416-1913775', 'pwd46', '조하준', 1, 1, '2017-04-02', 59817105, '서울시 서초구', '010-5670-4282', 'emp46@test.com'),
('emp47', '901024-2251385', 'pwd47', '김지훈', 2, 2, '2020-01-07', 50698395, '인천시 연수구', '010-6242-6747', 'emp47@test.com'),
('emp48', '920224-1025293', 'pwd48', '이지훈', 3, 3, '2023-05-07', 38077829, '대구시 수성구', '010-6202-7820', 'emp48@test.com'),
('emp49', '821109-2174987', 'pwd49', '최서준', 4, 4, '2018-04-29', 28389149, '서울시 강남구', '010-2869-6685', 'emp49@test.com'),
('emp50', '900118-1023899', 'pwd50', '조유진', 5, 5, '2019-02-24', 22547158, '서울시 강남구', '010-9012-9596', 'emp50@test.com');

-- attendance_log
INSERT INTO attendance_log (emp_no, work_date, check_in, check_out, status) VALUES
(1, '2025-07-01', '09:00:00', '18:00:00', '출근'),
(2, '2025-07-01', '09:15:00', '18:00:00', '지각'),
(3, '2025-07-01', '09:00:00', '17:00:00', '조퇴'),
(4, '2025-07-01', NULL, NULL, '결근'),
(5, '2025-07-01', NULL, NULL, '휴가');

-- leave_request
INSERT INTO leave_request (emp_no, leave_type, start_date, end_date, reason, status) VALUES
(1, '연차', '2025-08-01', '2025-08-05', '휴가', '승인'),
(2, '병가', '2025-07-10', '2025-07-12', '건강 문제', '대기'),
(3, '경조사', '2025-09-15', '2025-09-17', '가족 행사', '승인'),
(4, '기타', '2025-07-20', '2025-07-22', '개인 사정', '반려'),
(5, '연차', '2025-08-10', '2025-08-12', '여행', '승인');

-- leave_remain
INSERT INTO leave_remain (lr_count, leave_year, emp_no) VALUES
(15, 2025, 1),
(15, 2025, 2),
(15, 2025, 3),
(15, 2025, 4),
(15, 2025, 5),
(15, 2025, 6),
(15, 2025, 7),
(15, 2025, 8),
(15, 2025, 9),
(15, 2025, 10),
(15, 2025, 11),
(15, 2025, 12),
(15, 2025, 13),
(15, 2025, 14),
(15, 2025, 15),
(15, 2025, 16),
(15, 2025, 17),
(15, 2025, 18),
(15, 2025, 19),
(15, 2025, 20),
(15, 2025, 21),
(15, 2025, 22),
(15, 2025, 23),
(15, 2025, 24),
(15, 2025, 25),
(15, 2025, 26),
(15, 2025, 27),
(15, 2025, 28),
(15, 2025, 29),
(15, 2025, 30),
(15, 2025, 31),
(15, 2025, 32),
(15, 2025, 33),
(15, 2025, 34),
(15, 2025, 35),
(15, 2025, 36),
(15, 2025, 37),
(15, 2025, 38),
(15, 2025, 39),
(15, 2025, 40),
(15, 2025, 41),
(15, 2025, 42),
(15, 2025, 43),
(15, 2025, 44),
(15, 2025, 45),
(15, 2025, 46),
(15, 2025, 47),
(15, 2025, 48),
(15, 2025, 49),
(15, 2025, 50);

-- performance_review
INSERT INTO performance_review (emp_no, evaluator_emp_no, review_date, attitude_score, achieve_score, comments) VALUES
(1, 2, '2025-06-01', 4, 5, '성과 우수'),
(2, 3, '2025-06-02', 3, 4, '보통'),
(3, 4, '2025-06-03', 5, 5, '매우 우수'),
(4, 5, '2025-06-04', 2, 3, '개선 필요'),
(5, 1, '2025-06-05', 4, 4, '우수'),
(6, 2, '2025-06-06', 3, 3, '보통'),
(7, 3, '2025-06-07', 5, 4, '매우 좋음'),
(8, 4, '2025-06-08', 4, 5, '성과 좋음'),
(9, 5, '2025-06-09', 2, 2, '개선 필요'),
(10, 1, '2025-06-10', 3, 3, '평균');

-- salary_history
INSERT INTO salary_history (emp_no, change_date, old_salary, new_salary, reason) VALUES
(1, '2025-01-01', 58000000, 60000000, '승진'),
(2, '2025-02-01', 48000000, 50000000, '성과급'),
(3, '2025-03-01', 38000000, 40000000, '조정'),
(4, '2025-04-01', 33000000, 35000000, '직무 변경'),
(5, '2025-05-01', 28000000, 30000000, '연봉 인상');

-- bonus
INSERT INTO bonus (bonus_no, bonus_name, bonus_desc) VALUES
(1, '성과급', '업적에 따른 성과급 지급'),
(2, '명절보너스', '명절 격려금'),
(3, '특별보너스', '특별 성과 보너스');

-- bonus_payment
INSERT INTO bonus_payment (payment, pay_date, bonus_no, emp_no) VALUES
(2000000, '2025-06-01', 1, 1),
(3000000, '2025-06-01', 2, 2),
(4000000, '2025-06-01', 3, 3),
(2000000, '2025-06-01', 1, 4),
(3000000, '2025-06-01', 2, 5),
(4000000, '2025-06-01', 3, 6),
(2000000, '2025-06-01', 1, 7),
(3000000, '2025-06-01', 2, 8),
(4000000, '2025-06-01', 3, 9),
(2000000, '2025-06-01', 1, 10),
(3000000, '2025-06-01', 2, 11),
(4000000, '2025-06-01', 3, 12),
(2000000, '2025-06-01', 1, 13),
(3000000, '2025-06-01', 2, 14),
(4000000, '2025-06-01', 3, 15),
(2000000, '2025-06-01', 1, 16),
(3000000, '2025-06-01', 2, 17),
(4000000, '2025-06-01', 3, 18),
(2000000, '2025-06-01', 1, 19),
(3000000, '2025-06-01', 2, 20),
(4000000, '2025-06-01', 3, 21),
(2000000, '2025-06-01', 1, 22),
(3000000, '2025-06-01', 2, 23),
(4000000, '2025-06-01', 3, 24),
(2000000, '2025-06-01', 1, 25),
(3000000, '2025-06-01', 2, 26),
(4000000, '2025-06-01', 3, 27),
(2000000, '2025-06-01', 1, 28),
(3000000, '2025-06-01', 2, 29),
(4000000, '2025-06-01', 3, 30);

-- quitter
INSERT INTO quitter (quit_no, quit_pay, quit_pay_date, emp_no) VALUES
(1, 10000000, '2025-07-01', 41),
(2, 9000000, '2025-07-02', 42),
(3, 8000000, '2025-07-03', 43),
(4, 7000000, '2025-07-04', 44),
(5, 6000000, '2025-07-05', 45),
(6, 5000000, '2025-07-06', 46),
(7, 4000000, '2025-07-07', 47),
(8, 3000000, '2025-07-08', 48),
(9, 2000000, '2025-07-09', 49),
(10, 1000000, '2025-07-10', 50);

UPDATE employee_info SET quit_date = '2025-07-01' WHERE emp_no = 41;
UPDATE employee_info SET quit_date = '2025-07-02' WHERE emp_no = 42;
UPDATE employee_info SET quit_date = '2025-07-03' WHERE emp_no = 43;
UPDATE employee_info SET quit_date = '2025-07-04' WHERE emp_no = 44;
UPDATE employee_info SET quit_date = '2025-07-05' WHERE emp_no = 45;
UPDATE employee_info SET quit_date = '2025-07-06' WHERE emp_no = 46;
UPDATE employee_info SET quit_date = '2025-07-07' WHERE emp_no = 47;
UPDATE employee_info SET quit_date = '2025-07-08' WHERE emp_no = 48;
UPDATE employee_info SET quit_date = '2025-07-09' WHERE emp_no = 49;
UPDATE employee_info SET quit_date = '2025-07-10' WHERE emp_no = 50;
