-- employee_info
INSERT INTO employee_info (emp_id, emp_in, emp_pwd, emp_name, job_no, dept_no, hire_date, quit_date, salary, addr, phone, email) VALUES
('user001', '926069-1560347', 'hashed_pwd', '직원1', 3, 2, '2022-04-03', NULL, 28649670, '서울시 강남구 1번지', '010-8643-9953', 'user1@company.com'),
('user002', '720888-1193469', 'hashed_pwd', '직원2', 3, 4, '2016-08-04', NULL, 34557388, '서울시 강남구 2번지', '010-5494-9966', 'user2@company.com'),
('user003', '708985-2991625', 'hashed_pwd', '직원3', 4, 3, '2015-11-08', NULL, 32555264, '서울시 강남구 3번지', '010-8169-3583', 'user3@company.com'),
('user004', '804227-1318131', 'hashed_pwd', '직원4', 2, 2, '2015-07-09', NULL, 29149939, '서울시 강남구 4번지', '010-9322-7202', 'user4@company.com'),
('user005', '936392-2096430', 'hashed_pwd', '직원5', 3, 3, '2017-09-08', NULL, 32015629, '서울시 강남구 5번지', '010-2596-9930', 'user5@company.com'),
('user006', '894860-2651132', 'hashed_pwd', '직원6', 2, 3, '2023-03-31', NULL, 28520192, '서울시 강남구 6번지', '010-5385-8121', 'user6@company.com'),
('user007', '754705-2462553', 'hashed_pwd', '직원7', 2, 1, '2015-02-23', NULL, 50789068, '서울시 강남구 7번지', '010-8132-1124', 'user7@company.com'),
('user008', '844335-1149291', 'hashed_pwd', '직원8', 4, 5, '2025-02-21', NULL, 51185325, '서울시 강남구 8번지', '010-9580-8085', 'user8@company.com'),
('user009', '800752-2821535', 'hashed_pwd', '직원9', 1, 1, '2023-06-04', NULL, 28658233, '서울시 강남구 9번지', '010-1929-3138', 'user9@company.com'),
('user010', '728825-2482618', 'hashed_pwd', '직원10', 3, 3, '2016-08-05', NULL, 54975771, '서울시 강남구 10번지', '010-2929-2570', 'user10@company.com'),
('user011', '726860-1985255', 'hashed_pwd', '직원11', 5, 5, '2025-12-14', NULL, 52137842, '서울시 강남구 11번지', '010-2120-7844', 'user11@company.com'),
('user012', '937354-1503263', 'hashed_pwd', '직원12', 2, 5, '2019-04-25', NULL, 39549301, '서울시 강남구 12번지', '010-5514-2483', 'user12@company.com'),
('user013', '704416-1906324', 'hashed_pwd', '직원13', 4, 4, '2021-06-25', NULL, 41545710, '서울시 강남구 13번지', '010-4938-7693', 'user13@company.com'),
('user014', '795218-2119392', 'hashed_pwd', '직원14', 5, 3, '2017-09-04', NULL, 43890972, '서울시 강남구 14번지', '010-5941-3937', 'user14@company.com'),
('user015', '816587-1925001', 'hashed_pwd', '직원15', 3, 1, '2016-12-27', NULL, 36308145, '서울시 강남구 15번지', '010-7415-8358', 'user15@company.com'),
('user016', '773434-2627911', 'hashed_pwd', '직원16', 4, 2, '2015-09-15', NULL, 53216863, '서울시 강남구 16번지', '010-5400-3129', 'user16@company.com'),
('user017', '774303-1464318', 'hashed_pwd', '직원17', 4, 2, '2018-06-08', NULL, 30958745, '서울시 강남구 17번지', '010-4825-4671', 'user17@company.com'),
('user018', '800997-1270275', 'hashed_pwd', '직원18', 4, 2, '2023-09-19', NULL, 41887923, '서울시 강남구 18번지', '010-5360-5906', 'user18@company.com'),
('user019', '831962-1038069', 'hashed_pwd', '직원19', 1, 2, '2025-06-03', NULL, 52434163, '서울시 강남구 19번지', '010-2234-6685', 'user19@company.com'),
('user020', '938132-1974626', 'hashed_pwd', '직원20', 5, 1, '2024-11-25', NULL, 49161333, '서울시 강남구 20번지', '010-7422-4589', 'user20@company.com'),
('user021', '710811-1548481', 'hashed_pwd', '직원21', 2, 4, '2017-12-24', NULL, 41383831, '서울시 강남구 21번지', '010-6485-3630', 'user21@company.com'),
('user022', '852170-1436793', 'hashed_pwd', '직원22', 2, 1, '2021-10-22', NULL, 54297483, '서울시 강남구 22번지', '010-6752-5206', 'user22@company.com'),
('user023', '854308-1680464', 'hashed_pwd', '직원23', 5, 5, '2016-04-17', NULL, 40344409, '서울시 강남구 23번지', '010-7276-7876', 'user23@company.com'),
('user024', '918598-2176690', 'hashed_pwd', '직원24', 4, 4, '2022-07-05', NULL, 38622202, '서울시 강남구 24번지', '010-9196-6020', 'user24@company.com'),
('user025', '979655-1705882', 'hashed_pwd', '직원25', 5, 2, '2021-12-21', NULL, 50799210, '서울시 강남구 25번지', '010-4554-5548', 'user25@company.com'),
('user026', '732689-1128066', 'hashed_pwd', '직원26', 2, 4, '2017-12-03', NULL, 37784745, '서울시 강남구 26번지', '010-6855-2393', 'user26@company.com'),
('user027', '986577-1414397', 'hashed_pwd', '직원27', 2, 3, '2023-08-01', NULL, 41935191, '서울시 강남구 27번지', '010-2394-9493', 'user27@company.com'),
('user028', '972377-1665170', 'hashed_pwd', '직원28', 4, 3, '2024-11-12', NULL, 36677384, '서울시 강남구 28번지', '010-3951-6919', 'user28@company.com'),
('user029', '701493-1497064', 'hashed_pwd', '직원29', 5, 1, '2021-05-18', NULL, 52679764, '서울시 강남구 29번지', '010-6720-2036', 'user29@company.com'),
('user030', '894415-2379276', 'hashed_pwd', '직원30', 1, 3, '2023-08-18', NULL, 52058613, '서울시 강남구 30번지', '010-4392-3021', 'user30@company.com'),
('user031', '948485-1096902', 'hashed_pwd', '직원31', 4, 1, '2022-07-06', NULL, 40803483, '서울시 강남구 31번지', '010-8824-3590', 'user31@company.com'),
('user032', '769924-2624567', 'hashed_pwd', '직원32', 5, 4, '2025-03-28', NULL, 54972532, '서울시 강남구 32번지', '010-7810-9237', 'user32@company.com'),
('user033', '742767-1502196', 'hashed_pwd', '직원33', 1, 3, '2018-04-17', NULL, 36824722, '서울시 강남구 33번지', '010-4222-7597', 'user33@company.com'),
('user034', '870187-2622474', 'hashed_pwd', '직원34', 2, 5, '2023-02-27', NULL, 50599634, '서울시 강남구 34번지', '010-1519-5865', 'user34@company.com'),
('user035', '734794-1472654', 'hashed_pwd', '직원35', 4, 1, '2025-03-27', NULL, 41196591, '서울시 강남구 35번지', '010-9079-8655', 'user35@company.com'),
('user036', '793420-1736075', 'hashed_pwd', '직원36', 5, 3, '2019-11-30', NULL, 34701111, '서울시 강남구 36번지', '010-8042-3608', 'user36@company.com'),
('user037', '767911-2514695', 'hashed_pwd', '직원37', 2, 1, '2018-05-24', NULL, 31324389, '서울시 강남구 37번지', '010-5463-8655', 'user37@company.com'),
('user038', '764064-2063553', 'hashed_pwd', '직원38', 2, 2, '2017-12-13', NULL, 45057733, '서울시 강남구 38번지', '010-4758-8333', 'user38@company.com'),
('user039', '783271-1034959', 'hashed_pwd', '직원39', 4, 1, '2017-11-30', NULL, 48794363, '서울시 강남구 39번지', '010-3063-3411', 'user39@company.com'),
('user040', '861908-2848504', 'hashed_pwd', '직원40', 1, 1, '2020-03-17', NULL, 50281651, '서울시 강남구 40번지', '010-5333-1522', 'user40@company.com'),
('user041', '856252-1300929', 'hashed_pwd', '직원41', 3, 3, '2022-01-18', NULL, 29903789, '서울시 강남구 41번지', '010-6659-9646', 'user41@company.com'),
('user042', '783746-1302039', 'hashed_pwd', '직원42', 4, 4, '2017-01-04', NULL, 28353776, '서울시 강남구 42번지', '010-4724-3556', 'user42@company.com'),
('user043', '711558-1475983', 'hashed_pwd', '직원43', 3, 4, '2025-08-03', NULL, 49585957, '서울시 강남구 43번지', '010-1569-3377', 'user43@company.com'),
('user044', '796516-2178066', 'hashed_pwd', '직원44', 4, 4, '2024-01-09', NULL, 38920580, '서울시 강남구 44번지', '010-5324-7638', 'user44@company.com'),
('user045', '706232-1292093', 'hashed_pwd', '직원45', 3, 1, '2024-06-22', NULL, 32728224, '서울시 강남구 45번지', '010-3578-3094', 'user45@company.com'),
('user046', '723308-2929583', 'hashed_pwd', '직원46', 4, 5, '2025-01-15', '2017-01-08', 44787409, '서울시 강남구 46번지', '010-5172-7118', 'user46@company.com'),
('user047', '740030-1033496', 'hashed_pwd', '직원47', 2, 5, '2016-07-01', '2017-10-30', 42818245, '서울시 강남구 47번지', '010-1820-1222', 'user47@company.com'),
('user048', '817751-1563204', 'hashed_pwd', '직원48', 1, 5, '2016-07-02', '2022-10-04', 29287727, '서울시 강남구 48번지', '010-7038-3692', 'user48@company.com'),
('user049', '902712-1970237', 'hashed_pwd', '직원49', 5, 1, '2023-09-16', '2017-09-17', 29224981, '서울시 강남구 49번지', '010-3500-4606', 'user49@company.com'),
('user050', '960389-2680293', 'hashed_pwd', '직원50', 5, 2, '2024-12-13', '2024-10-27', 52308542, '서울시 강남구 50번지', '010-7260-3874', 'user50@company.com');

-- leave_request
INSERT INTO leave_request (emp_no, leave_type, start_date, end_date, reason, status) VALUES
(36, '기타', '2019-09-08', '2019-09-09', '사유 1', '대기'),
(9, '병가', '2017-01-09', '2017-01-11', '사유 2', '반려'),
(50, '기타', '2016-08-04', '2016-08-06', '사유 3', '승인'),
(26, '경조사', '2025-06-20', '2025-06-25', '사유 4', '대기'),
(37, '경조사', '2015-11-10', '2015-11-13', '사유 5', '반려'),
(18, '연차', '2015-11-25', '2015-11-30', '사유 6', '대기'),
(33, '경조사', '2025-03-30', '2025-04-03', '사유 7', '반려'),
(14, '연차', '2018-09-03', '2018-09-04', '사유 8', '승인'),
(21, '경조사', '2023-08-31', '2023-09-03', '사유 9', '대기'),
(10, '연차', '2016-06-12', '2016-06-15', '사유 10', '반려');

-- leave_remain
INSERT INTO leave_remain (lr_count, leave_year, emp_no) VALUES
(14, 2023, 1),
(11, 2023, 2),
(10, 2023, 3),
(16, 2023, 4),
(17, 2023, 5),
(7, 2023, 6),
(19, 2023, 7),
(20, 2023, 8),
(20, 2023, 9),
(9, 2023, 10),
(5, 2023, 11),
(20, 2023, 12),
(15, 2023, 13),
(9, 2023, 14),
(7, 2023, 15),
(19, 2023, 16),
(9, 2023, 17),
(5, 2023, 18),
(13, 2023, 19),
(11, 2023, 20),
(12, 2023, 21),
(13, 2023, 22),
(7, 2023, 23),
(9, 2023, 24),
(20, 2023, 25),
(10, 2023, 26),
(10, 2023, 27),
(11, 2023, 28),
(11, 2023, 29),
(9, 2023, 30),
(7, 2023, 31),
(14, 2023, 32),
(8, 2023, 33),
(14, 2023, 34),
(16, 2023, 35),
(13, 2023, 36),
(13, 2023, 37),
(18, 2023, 38),
(7, 2023, 39),
(12, 2023, 40),
(10, 2023, 41),
(12, 2023, 42),
(17, 2023, 43),
(11, 2023, 44),
(10, 2023, 45),
(20, 2023, 46),
(13, 2023, 47),
(10, 2023, 48),
(18, 2023, 49),
(8, 2023, 50),
(10, 2024, 1),
(5, 2024, 2),
(7, 2024, 3),
(9, 2024, 4),
(18, 2024, 5),
(11, 2024, 6),
(9, 2024, 7),
(14, 2024, 8),
(9, 2024, 9),
(17, 2024, 10),
(12, 2024, 11),
(17, 2024, 12),
(5, 2024, 13),
(14, 2024, 14),
(8, 2024, 15),
(20, 2024, 16),
(6, 2024, 17),
(13, 2024, 18),
(10, 2024, 19),
(6, 2024, 20),
(13, 2024, 21),
(5, 2024, 22),
(20, 2024, 23),
(8, 2024, 24),
(5, 2024, 25),
(16, 2024, 26),
(9, 2024, 27),
(11, 2024, 28),
(13, 2024, 29),
(16, 2024, 30),
(17, 2024, 31),
(10, 2024, 32),
(8, 2024, 33),
(20, 2024, 34),
(10, 2024, 35),
(12, 2024, 36),
(17, 2024, 37),
(10, 2024, 38),
(20, 2024, 39),
(6, 2024, 40),
(14, 2024, 41),
(15, 2024, 42),
(16, 2024, 43),
(20, 2024, 44),
(13, 2024, 45),
(15, 2024, 46),
(7, 2024, 47),
(12, 2024, 48),
(19, 2024, 49),
(20, 2024, 50),
(11, 2025, 1),
(19, 2025, 2),
(9, 2025, 3),
(16, 2025, 4),
(7, 2025, 5),
(14, 2025, 6),
(18, 2025, 7),
(6, 2025, 8),
(13, 2025, 9),
(15, 2025, 10),
(8, 2025, 11),
(14, 2025, 12),
(10, 2025, 13),
(18, 2025, 14),
(10, 2025, 15),
(19, 2025, 16),
(8, 2025, 17),
(12, 2025, 18),
(20, 2025, 19),
(15, 2025, 20),
(19, 2025, 21),
(12, 2025, 22),
(13, 2025, 23),
(9, 2025, 24),
(13, 2025, 25),
(5, 2025, 26),
(7, 2025, 27),
(20, 2025, 28),
(8, 2025, 29),
(9, 2025, 30),
(9, 2025, 31),
(15, 2025, 32),
(15, 2025, 33),
(14, 2025, 34),
(5, 2025, 35),
(13, 2025, 36),
(17, 2025, 37),
(19, 2025, 38),
(5, 2025, 39),
(14, 2025, 40),
(18, 2025, 41),
(8, 2025, 42),
(14, 2025, 43),
(20, 2025, 44),
(20, 2025, 45),
(19, 2025, 46),
(9, 2025, 47),
(9, 2025, 48),
(13, 2025, 49),
(8, 2025, 50);

-- performance_review
INSERT INTO performance_review (emp_no, evaluator_emp_no, review_date, attitude_score, achieve_score, comments) VALUES
(44, 30, '2023-03-11', 3, 2, '코멘트 1'),
(29, 20, '2023-06-30', 4, 3, '코멘트 2'),
(24, 30, '2018-08-20', 2, 5, '코멘트 3'),
(29, 37, '2020-04-09', 1, 1, '코멘트 4'),
(40, 2, '2017-03-17', 4, 3, '코멘트 5'),
(45, 44, '2022-09-06', 2, 3, '코멘트 6'),
(20, 9, '2022-10-31', 5, 1, '코멘트 7'),
(25, 19, '2021-10-16', 2, 3, '코멘트 8'),
(18, 42, '2023-03-24', 2, 5, '코멘트 9'),
(3, 1, '2016-04-21', 2, 5, '코멘트 10');

-- quitter
INSERT INTO quitter (quit_no, quit_pay, quit_pay_date, emp_no) VALUES
(46, 10823008, '2023-05-09', 46),
(47, 9664547, '2019-12-05', 47),
(48, 10195485, '2024-12-03', 48),
(49, 9106313, '2023-01-21', 49),
(50, 8236331, '2021-11-10', 50),
(51, 7810236, '2018-02-26', 51),
(52, 8290783, '2024-01-30', 52),
(53, 5300179, '2022-01-01', 53),
(54, 11939754, '2020-11-23', 54),
(55, 9154560, '2021-07-02', 55);

-- job_position
INSERT INTO job_position (job_title, job_level, leave_count, description) VALUES
('대표이사', 1, 13, '대표이사 직책 설명'),
('본부장', 2, 13, '본부장 직책 설명'),
('팀장', 3, 11, '팀장 직책 설명'),
('대리', 4, 18, '대리 직책 설명'),
('사원', 5, 15, '사원 직책 설명');

-- department
INSERT INTO department (dept_name, location) VALUES
('인사팀', '서울 1층'),
('마케팅팀', '서울 2층'),
('재무관리팀', '서울 3층'),
('품질관리팀', '서울 4층'),
('판매팀', '서울 5층');

-- attendance_log
INSERT INTO attendance_log (emp_no, work_date, check_in, check_out, status) VALUES
(30, '2025-07-01', '8:11:00', '17:03:00', '출근'),
(33, '2019-07-19', '8:07:00', '17:18:00', '결근'),
(30, '2023-02-09', '9:12:00', '18:09:00', '휴가'),
(32, '2022-05-25', '8:22:00', '17:49:00', '출근'),
(5, '2017-08-28', '8:52:00', '17:35:00', '결근'),
(4, '2025-07-31', '8:47:00', '17:00:00', '지각'),
(22, '2025-04-21', '9:54:00', '18:10:00', '결근'),
(34, '2022-11-12', '8:26:00', '18:16:00', '지각'),
(9, '2022-01-31', '8:49:00', '17:47:00', '결근'),
(34, '2021-12-02', '9:19:00', '18:27:00', '휴가');

-- salary_history
INSERT INTO salary_history (emp_no, change_date, old_salary, new_salary, reason) VALUES
(7, '2016-08-06', 41557257, 45697493, '연봉 조정 1'),
(46, '2022-04-22', 42905916, 46995682, '연봉 조정 2'),
(21, '2020-03-11', 30863226, 33537248, '연봉 조정 3'),
(29, '2019-06-12', 35685251, 38506898, '연봉 조정 4'),
(2, '2018-06-01', 46618331, 50851368, '연봉 조정 5'),
(49, '2019-06-21', 48489293, 53334176, '연봉 조정 6'),
(50, '2024-04-15', 45328185, 47959776, '연봉 조정 7'),
(40, '2015-03-28', 41614345, 43218992, '연봉 조정 8'),
(33, '2020-02-07', 38895223, 43029679, '연봉 조정 9'),
(42, '2015-10-16', 32284174, 34701098, '연봉 조정 10');

-- bonus
INSERT INTO bonus (bonus_no, bonus_name, bonus_desc) VALUES
(1, '식대', '식비 보조'),
(2, '교통비', '교통비 지원'),
(3, '성과금', '성과 보상');

-- bonus_payment
INSERT INTO bonus_payment (payment, pay_date, bonus_no, emp_no) VALUES
(182602, '2019-09-11', 2, 4),
(89793, '2019-01-18', 3, 20),
(208632, '2017-12-13', 2, 46),
(160140, '2015-10-20', 2, 49),
(165555, '2024-05-18', 3, 22),
(192406, '2015-12-31', 1, 18),
(171969, '2019-05-08', 1, 5),
(192998, '2019-10-09', 2, 24),
(72752, '2023-05-31', 2, 18),
(103678, '2018-06-15', 3, 26),
(266252, '2025-03-25', 3, 43),
(177489, '2024-07-27', 1, 13),
(139895, '2020-05-26', 3, 45),
(115830, '2018-01-24', 1, 30),
(265535, '2025-08-29', 3, 12),
(93950, '2024-10-25', 1, 4),
(252651, '2024-02-11', 3, 13),
(149120, '2015-09-04', 3, 48),
(66260, '2016-11-14', 3, 2),
(235417, '2025-06-27', 3, 28),
(147106, '2018-01-03', 2, 49),
(112391, '2021-10-28', 2, 18),
(142222, '2016-04-26', 3, 20),
(63406, '2020-02-27', 2, 39),
(266740, '2017-08-10', 2, 44),
(208231, '2023-07-21', 1, 10),
(82553, '2025-11-12', 1, 4),
(274736, '2021-02-02', 3, 20),
(225418, '2019-11-05', 2, 26),
(134780, '2022-12-19', 2, 4);

-- sale_manage
INSERT INTO sale_manage (sale_date, product_no, quantity, unit_price) VALUES
('2024-05-22', 10, 5, 64810),
('2021-05-02', 12, 3, 37262),
('2021-02-05', 22, 3, 79599),
('2023-05-31', 22, 2, 35984),
('2016-05-25', 2, 5, 73318),
('2017-10-10', 4, 5, 81662),
('2024-12-07', 22, 3, 41610),
('2021-07-28', 6, 5, 34407),
('2017-10-17', 2, 1, 71707),
('2025-03-13', 7, 5, 32129),
('2022-10-21', 4, 4, 79371),
('2020-09-01', 29, 1, 17969),
('2024-01-04', 11, 1, 46358),
('2021-05-27', 30, 3, 77492),
('2020-07-27', 26, 1, 57105);

-- product_name
INSERT INTO product_name (product_color, product_name, product_price, product_category) VALUES
('흰색', '제품1', 12671, '상의'),
('회색', '제품2', 45925, '상의'),
('파랑', '제품3', 48652, '하의'),
('검정', '제품4', 56936, '신발'),
('파랑', '제품5', 47972, '신발'),
('검정', '제품6', 30855, '신발'),
('검정', '제품7', 15560, '하의'),
('검정', '제품8', 53166, '상의'),
('검정', '제품9', 17126, '상의'),
('파랑', '제품10', 65578, '악세사리'),
('파랑', '제품11', 67831, '하의'),
('흰색', '제품12', 77379, '악세사리'),
('파랑', '제품13', 35711, '신발'),
('검정', '제품14', 25871, '악세사리'),
('흰색', '제품15', 95399, '하의'),
('빨강', '제품16', 44583, '상의'),
('빨강', '제품17', 73613, '상의'),
('파랑', '제품18', 89244, '상의'),
('파랑', '제품19', 87061, '신발'),
('파랑', '제품20', 14408, '신발');

-- product
INSERT INTO product (production_date, product_code) VALUES
('2018-04-02', 4),
('2019-12-28', 19),
('2017-10-19', 3),
('2020-10-16', 16),
('2018-08-23', 13),
('2017-04-06', 3),
('2023-10-29', 14),
('2015-02-04', 6),
('2025-07-24', 2),
('2025-02-28', 5),
('2019-10-26', 17),
('2017-01-20', 11),
('2018-12-06', 18),
('2015-09-29', 2),
('2023-07-02', 5),
('2020-05-07', 20),
('2020-11-18', 5),
('2018-10-22', 1),
('2016-10-18', 3),
('2020-09-09', 14),
('2020-03-09', 13),
('2015-09-07', 2),
('2017-09-24', 8),
('2019-08-23', 2),
('2017-05-04', 9),
('2016-10-06', 16),
('2018-01-03', 6),
('2017-08-29', 13),
('2017-05-20', 16),
('2021-11-17', 13);

-- qc
INSERT INTO qc (check_material, check_color, check_damage, qc_desc, qc_date, emp_no, product_no) VALUES
('불합격', '불합격', '불합격', '검사내용 1', '2017-12-15', 17, 30),
('불합격', '불합격', '불합격', '검사내용 2', '2023-09-07', 30, 9),
('불합격', '합격', '불합격', '검사내용 3', '2019-05-30', 21, 25),
('합격', '불합격', '합격', '검사내용 4', '2023-01-20', 31, 12),
('불합격', '합격', '합격', '검사내용 5', '2016-08-08', 7, 7),
('합격', '불합격', '합격', '검사내용 6', '2021-10-17', 3, 28),
('불합격', '합격', '불합격', '검사내용 7', '2018-12-22', 47, 23),
('합격', '불합격', '합격', '검사내용 8', '2024-07-08', 39, 17),
('불합격', '불합격', '불합격', '검사내용 9', '2017-08-11', 32, 10),
('불합격', '합격', '불합격', '검사내용 10', '2019-09-09', 47, 20),
('불합격', '합격', '합격', '검사내용 11', '2025-07-05', 16, 28),
('불합격', '불합격', '불합격', '검사내용 12', '2020-01-04', 1, 19),
('합격', '불합격', '합격', '검사내용 13', '2016-12-19', 17, 9),
('불합격', '불합격', '합격', '검사내용 14', '2021-09-09', 24, 23),
('불합격', '합격', '합격', '검사내용 15', '2022-08-15', 10, 14),
('합격', '불합격', '합격', '검사내용 16', '2017-11-08', 1, 29),
('합격', '불합격', '불합격', '검사내용 17', '2020-10-06', 16, 14),
('불합격', '불합격', '불합격', '검사내용 18', '2023-03-12', 17, 11),
('합격', '불합격', '합격', '검사내용 19', '2024-06-17', 25, 25),
('합격', '불합격', '불합격', '검사내용 20', '2024-01-04', 42, 22);

-- sale
INSERT INTO sale (sale_date, product_no) VALUES
('2020-02-20', 15),
('2021-01-30', 17),
('2022-07-16', 4),
('2024-11-15', 24),
('2015-10-15', 10),
('2023-03-21', 10),
('2016-05-10', 15),
('2020-11-29', 21),
('2024-04-19', 7),
('2025-03-21', 1),
('2020-03-22', 4),
('2021-11-07', 26),
('2017-05-05', 13),
('2017-06-08', 16),
('2024-04-26', 14);

-- defective
INSERT INTO defective (product_no) VALUES
(3),
(7),
(9),
(10),
(11),
(8),
(24),
(21),
(16),
(24);

-- salary
INSERT INTO salary (salary_date, base_salary, bonus, deduction, tax, emp_no, bonus_payment_no) VALUES
('2020-01-29', 46671421, 1154907, 1868552, 2333571, 36, 23),
('2025-11-30', 44468777, 1795916, 2316091, 2223438, 32, 19),
('2018-03-17', 39714724, 3694215, 2308541, 1985736, 6, 7),
('2017-05-04', 57542953, 1967998, 1827219, 2877147, 29, 9),
('2023-09-30', 52522131, 3974612, 1593366, 2626106, 49, 9),
('2020-12-23', 52199665, 1171769, 2632619, 2609983, 27, 24),
('2015-03-27', 50846335, 2239791, 2472149, 2542316, 14, 20),
('2017-04-13', 38548418, 1417393, 1287981, 1927420, 36, 15),
('2018-10-13', 59704092, 2609130, 1466219, 2985204, 43, 2),
('2025-11-11', 34532209, 2872833, 2025829, 1726610, 45, 20),
('2023-07-07', 55129462, 2634091, 2948216, 2756473, 6, 15),
('2017-06-18', 49777884, 2091223, 1565106, 2488894, 25, 24),
('2019-03-11', 56235020, 2595262, 2179571, 2811751, 45, 5),
('2019-02-09', 43786399, 1663044, 2749342, 2189319, 31, 9),
('2021-09-15', 58650902, 1699653, 1899003, 2932545, 27, 7),
('2021-05-17', 49123315, 4083782, 1085137, 2456165, 30, 2),
('2018-10-12', 38650570, 4684354, 2638884, 1932528, 39, 26),
('2025-03-11', 49466937, 4119315, 1666914, 2473346, 45, 12),
('2016-08-12', 48936527, 2460531, 2716352, 2446826, 41, 4),
('2017-06-28', 44654626, 4163588, 1316426, 2232731, 13, 19);

-- budget
INSERT INTO budget (period_type, period_value, annual_budget, plan, dept_no) VALUES
('Q', '2020-Q4', 196190689, '계획 상세 1', 2),
('M', '2019-10', 318340207, '계획 상세 2', 1),
('M', '2023-12', 441903391, '계획 상세 3', 2),
('M', '2022-11', 123923200, '계획 상세 4', 3),
('Y', '2019', 265772507, '계획 상세 5', 5),
('M', '2015-01', 326558207, '계획 상세 6', 3),
('M', '2017-04', 492788951, '계획 상세 7', 2),
('Q', '2018-Q1', 283663394, '계획 상세 8', 4),
('M', '2021-05', 390010157, '계획 상세 9', 1),
('M', '2022-09', 296026642, '계획 상세 10', 1);

-- transaction
INSERT INTO transaction (trans_type, trans_amount, category, trans_desc, trans_date, dept_no) VALUES
('지출', 286812, '인건비', '인건비 처리 1', '2022-10-25', 4),
('지출', 442080, '매입비', '매입비 처리 2', '2015-10-27', 2),
('지출', 836334, '매입비', '매입비 처리 3', '2022-07-01', 3),
('지출', 528471, '기타비용', '기타비용 처리 4', '2020-03-24', 5),
('수입', 705617, '판매', '판매 처리 5', '2022-06-10', 2),
('수입', 699786, '판매', '판매 처리 6', '2019-03-12', 1),
('지출', 972681, '매입비', '매입비 처리 7', '2017-07-03', 4),
('지출', 900612, '기타비용', '기타비용 처리 8', '2021-02-02', 3),
('지출', 919116, '인건비', '인건비 처리 9', '2016-02-18', 1),
('수입', 114338, '판매', '판매 처리 10', '2018-03-04', 3),
('지출', 944671, '매입비', '매입비 처리 11', '2023-11-13', 3),
('수입', 288644, '판매', '판매 처리 12', '2016-02-04', 1),
('수입', 814059, '판매', '판매 처리 13', '2025-12-22', 5),
('지출', 717160, '매입비', '매입비 처리 14', '2020-08-14', 5),
('수입', 675072, '판매', '판매 처리 15', '2015-02-23', 1),
('수입', 676998, '판매', '판매 처리 16', '2019-03-16', 5),
('수입', 674980, '판매', '판매 처리 17', '2015-07-04', 4),
('수입', 783820, '판매', '판매 처리 18', '2018-12-29', 3),
('지출', 721936, '기타비용', '기타비용 처리 19', '2019-11-06', 5),
('지출', 902220, '매입비', '매입비 처리 20', '2022-09-28', 2);

-- purchase
INSERT INTO purchase (product_code, unit_price, quantity, var_amount, total_amount, purchase_date) VALUES
(4, 14419, 27, 38931, 428244, '2020-02-07'),
(6, 24437, 25, 61092, 672017, '2017-12-07'),
(8, 20812, 52, 108222, 1190446, '2015-01-10'),
(5, 18337, 21, 38507, 423584, '2017-08-15'),
(7, 14958, 52, 77781, 855597, '2021-11-03'),
(15, 21987, 40, 87948, 967428, '2021-04-19'),
(9, 27909, 37, 103263, 1135896, '2023-01-03'),
(17, 17724, 90, 159516, 1754676, '2021-02-01'),
(18, 21523, 13, 27979, 307778, '2024-01-18'),
(17, 17387, 29, 50422, 554645, '2025-08-14'),
(8, 14266, 46, 65623, 721859, '2019-09-04'),
(14, 6469, 79, 51105, 562156, '2024-05-21'),
(15, 21479, 60, 128874, 1417614, '2025-08-31'),
(11, 26737, 28, 74863, 823499, '2017-12-28'),
(1, 25474, 81, 206339, 2269733, '2018-08-11');

